"","(Intercept)","Day_1","log(Day)_1","Day_2","log(Day)_2","psi","(Intercept)_s","Day_1","log(Day)_1_s","Day_2_s","log(Day)_2_s","psi_s"
"Afghanistan",-4.01193620089885,0.0259572144694641,1.86788457087513,-0.0830316081881722,0.0481252010525978,90,-5.50608988745985,0.0221224504501307,2.23370870978761,-0.0804800129908815,0.0375458936046823,94
"Albania",-4.11473399270676,-0.106124980996899,3.00416178344877,0.101288138513504,0.0437512474478811,57,-4.26364864365245,-0.0880475180677644,2.86873004659602,0.0859101964666417,0.053398204953736,63
"Algeria",-12.7385904127235,-0.0905811806043317,5.66907669713761,0.0592863610131051,0.0985334221444009,90,-15.3824191244611,-0.0942904563675699,6.35902667657752,0.0608215330476651,0.0853809612797199,95
"Andorra",-1.66463351500854,-0.163189309555496,2.70329555156082,0.16373830764375,-0.179315119824191,59,-3.73902836995179,-0.166307731293739,3.40817824050112,0.159953242445353,-0.136572209762433,65
"Angola",1.3628970165486,0.061714025947516,-1.10310085230876,-0.0389779308867031,0.0255677468487883,119,-6.73165592014483,-0.327658018604666,4.31438927533621,0.322513297368272,-0.0574752766965891,32
"Anguilla",NA,NA,NA,NA,NA,NA,NA,NA,NA,NA,NA,NA
"Antigua_and_Barbuda",NA,NA,NA,NA,NA,NA,NA,NA,NA,NA,NA,NA
"Argentina",0.861113430546172,0.0297801515603854,0.70908946462129,-0.0166671457597804,-0.014249133554623,139,-13.2224012060853,-0.160314214150553,6.58648271454816,0.137883873741912,-0.0720532061497264,56
"Armenia",1.25018557074332,0.0303599556994864,0.478058533101679,-0.06041249255709,0.0642035157403695,101,-0.0891913675053079,0.0239135949576616,0.867941220514359,-0.0577966534776503,0.0560907366342005,107
"Aruba",-3.65351874022529,-0.420464283908342,4.12495775158759,0.450205337841882,0.695884196638636,47,-3.053814644103,-0.286102866712259,3.26653609339843,0.336409348612734,0.560869352560035,59
"Australia",-145.662875980344,-0.719758110159609,47.2853608694083,0.481465148726364,-0.239473171472458,106,-149.135233404978,-0.680324645033586,47.4723209496637,0.44783258700734,-0.123455282746528,112
"Austria",-14.1205738827243,-0.246077176872707,8.09449966736453,0.217668812341222,-0.239370582551643,76,-18.7385560882334,-0.254851745725359,9.46612096193795,0.218258783007276,-0.240730569953876,81
"Azerbaijan",1.09224796701466,0.0293978913989835,0.387017597369981,-0.0679589085141013,0.0565954730365176,120,-43.1063864012903,-0.449502303681543,17.6132331112801,0.307129742562388,-0.214164847358587,57
"Bahamas",-11.4700642241136,-0.244074664720012,5.77673130713952,0.247854730929612,0.246451365759033,63,-8.79717955255584,-0.170333952874194,4.34809831145917,0.188832782006873,0.297377906932328,72
"Bahrain",-0.354709897997905,0.0245139592042518,0.870480633369634,-0.0380980480992713,0.0240926401842246,106,-1.59657039468289,0.0206693513589513,1.19362141094563,-0.0361217543892712,0.0234011153636766,110
"Bangladesh",-4.67278807241706,0.00237897417869599,2.78793722533961,-0.0301009248857477,-0.00418503711528375,91,-6.25727212575366,-0.000922486853174825,3.17431866969015,-0.0292137220615379,-0.00348957545221355,95
"Barbados",NA,NA,NA,NA,NA,NA,NA,NA,NA,NA,NA,NA
"Belarus",-17.6988876949565,-0.102673993655665,7.46409306421811,0.082090288896997,-0.112003004354519,145,-21.2568041018133,-0.109063894789966,8.39768627721693,0.0725622699394243,-0.0954061849388646,146
"Belgium",-40.8627434413734,-0.224545439208829,14.9615710474059,0.163401348592274,-0.0856296788171393,121,-45.2253947007299,-0.225834077538875,16.0079081049701,0.164089052053699,-0.0796184841029798,127
"Belize",NA,NA,NA,NA,NA,NA,NA,NA,NA,NA,NA,NA
"Benin",-14.3248494415254,-0.386920490154431,7.50872687147406,0.314242592334718,-0.152799292970998,30,-14.5848879098903,-0.34626667985031,7.29130174386407,0.278601972267646,-0.0941467122563471,32
"Bermuda",NA,NA,NA,NA,NA,NA,NA,NA,NA,NA,NA,NA
"Bhutan",NA,NA,NA,NA,NA,NA,NA,NA,NA,NA,NA,NA
"Bolivia",-18.7462935088464,-0.260516880025253,8.75016447227318,0.200482452456126,-0.233407748024579,40,-19.2770806883922,-0.240869765126165,8.66687380430265,0.183933582470237,-0.18322704859199,42
"Bonaire, Saint Eustatius and Saba",NA,NA,NA,NA,NA,NA,NA,NA,NA,NA,NA,NA
"Bosnia_and_Herzegovina",-7.12597220940745,-0.15038493453853,4.57949337353084,0.133507134838075,0.062804797889676,61,-9.48016247971221,-0.150063376742683,5.24102385937969,0.12937880113335,0.0857959322673051,67
"Brazil",-15.1652997467623,-0.0955953494320387,6.99864173474013,0.0509374044071745,0.00926226354474473,53,-11.7197018655943,-0.0150802104327217,5.03713674878794,-0.0145391197298649,0.0103570848521764,101
"British_Virgin_Islands",NA,NA,NA,NA,NA,NA,NA,NA,NA,NA,NA,NA
"Brunei_Darussalam",NA,NA,NA,NA,NA,NA,NA,NA,NA,NA,NA,NA
"Bulgaria",-5.87756581824082,-0.0984857389592382,3.66238259924714,0.0777438532329335,0.1365340793744,63,-6.99334973835745,-0.0923260025272997,3.8920100096581,0.0725063231585554,0.112051625461415,68
"Burundi",NA,NA,NA,NA,NA,NA,NA,NA,NA,NA,NA,NA
"Cambodia",NA,NA,NA,NA,NA,NA,NA,NA,NA,NA,NA,NA
"Cameroon",0.695711111955921,0.0228233544612498,0.649284981471919,-0.0508181054282965,0.0237826190879078,89,-0.210119525544572,0.0193335400593472,0.889495517055347,-0.0488173459422929,0.026725627738506,93
"Canada",-48.6393251389322,-0.16708861672748,15.7689730821514,0.0867833032612022,-0.0342919913939071,148,-53.9106846752775,-0.173098900178883,17.0472091332177,0.0881759713834516,-0.0634459223989278,151
"Cape_Verde",-1.7033907491995,0.0188757557847451,0.727599009845514,-0.0192796402502749,-0.0115523465967485,104,-1.48937305309783,0.0211801987812014,0.607685435658573,-0.0223496479381074,0.00401725332288162,108
"Cases_on_an_international_conveyance_Japan",NA,NA,NA,NA,NA,NA,NA,NA,NA,NA,NA,NA
"Cayman_Islands",NA,NA,NA,NA,NA,NA,NA,NA,NA,NA,NA,NA
"Central_African_Republic",-25.6628557036313,-0.0641336120536103,7.9576098014013,-0.0752481573409442,0.0276332993118308,103,-23.6437557188996,-0.0481565911485512,7.16672131028684,-0.0842363139307362,0.0718778246680406,105
"Chad",-35.9180155672631,-0.231537969899171,12.858107830909,0.155680096551078,-0.0144104403302789,104,-35.4171698360764,-0.209888459325793,12.4151222850581,0.137986039588272,0.0052249324918356,110
"Chile",2.48822279554911,0.0421370100565851,0.487634516966314,-0.0661654243405206,-0.0674941086059715,101,1.52237744594938,0.0391378554234101,0.719907631658248,-0.0643048522141926,-0.0982425422009729,106
"Colombia",-15.4711957470406,-0.173722020563385,7.55448418705227,0.14013803541743,-0.184468577955563,54,-14.3494636797389,-0.141648308400849,6.85810874916743,0.11603992689785,-0.16632377216916,56
"Congo",-29.8541736579209,-0.397262130270406,12.8627755678321,0.291529825956024,-0.293596510115333,49,-30.1286128036511,-0.344481095154996,12.416709496793,0.246395180221662,-0.226018271673056,53
"Costa_Rica",-22.5152667074847,-0.49207929075017,11.7898095130822,0.434891399813993,-0.0696674258312825,50,-24.4079656602901,-0.433642561641077,11.8968006054115,0.378630122745986,-0.0520678959035858,55
"Cote_dIvoire",2.02497153956432,0.0332575790472476,0.017148244631552,-0.0704435625248927,0.0668237915349125,110,-34.197049090607,-0.402383301873159,14.6013387715175,0.273572111748895,-0.111290934401781,54
"Croatia",-14.6059293517604,-0.203220480358651,7.23180869546532,0.190335227955041,-0.00454012080317655,81,-20.2599859098822,-0.225653058489104,9.01397457680757,0.200652079337372,-0.0458446666346881,84
"Cuba",-3.49172883534423,-0.0796332044284721,2.80604171847298,0.099778834248631,0.036194494297597,104,-5.00527765089708,-0.0815200283374962,3.23316563339537,0.105028404607386,0.0151711159540616,110
"Curacao",NA,NA,NA,NA,NA,NA,NA,NA,NA,NA,NA,NA
"Cyprus",-2.23801533355754,-0.111596185843179,2.53433256935818,0.12359963344872,-0.0815855227408267,80,-2.91289176249059,-0.0998219490095886,2.6306953077391,0.120334976616077,-0.0433797123404573,93
"Czechia",-6.62546624344003,-0.144594419992595,4.76679137155085,0.131081583846167,-0.122631186748437,73,-9.97469551708796,-0.154102391974375,5.79100202837489,0.133645376107884,-0.116001520849521,78
"Democratic_Republic_of_the_Congo",-0.766274227098733,0.0310796202966516,0.707268065329861,-0.0616978656162251,0.071879969023211,85,-1.87489333248818,0.0253139761032486,1.02230373623369,-0.0595677410455349,0.0788202629810385,90
"Denmark",-4.43688187819621,-0.0827583571831572,3.53353935135574,0.0824747128144371,-0.0483873239996072,111,-6.74011040584807,-0.088056180608384,4.19514273317546,0.0915237813427118,-0.0942039444781014,117
"Djibouti",-24.5750831101181,-0.406511255897395,11.8497625838399,0.246811638824372,0.0048817648853792,43,0.65594960482318,0.0362426926886587,0.341837848404587,-0.0740550386614803,-0.129476990642059,76
"Dominica",NA,NA,NA,NA,NA,NA,NA,NA,NA,NA,NA,NA
"Dominican_Republic",-12.5733103235983,-0.143467670973008,6.46031628063059,0.0984071293060054,0.0011355326689047,64,-13.9789325684276,-0.129424914480634,6.64901147579859,0.0863020401479414,-0.00384258270568975,70
"Ecuador",-13.7611202204239,-0.126224841142947,6.84008798866372,0.082637562022773,-0.0302321856180661,86,-17.3255438744934,-0.132912725907985,7.81405766525282,0.0840487075656316,-0.0275691887041873,91
"Egypt",-62.1453118778129,-0.374585922996923,21.8482806302031,0.195254456193954,-0.139766830788214,69,-72.5726027046485,-0.3880575535262,24.5940220261458,0.19275693239266,-0.149184652459716,74
"El_Salvador",-26.8082188841425,-0.173124345160456,10.0459295116896,0.0995305066083075,0.0143457783659276,70,-24.6800203194152,-0.135461835791988,8.97766612121639,0.073954524730787,0.0560858167622219,76
"Eritrea",NA,NA,NA,NA,NA,NA,NA,NA,NA,NA,NA,NA
"Estonia",-2.02602982455086,-0.0833052134073481,2.3997396756808,0.11098654077696,-0.0226477953434574,114,-6.93098411139078,-0.130589248257021,4.27180898163925,0.116709219358211,-0.246756010383073,83
"Eswatini",-33.6876090467071,-0.237794157864343,12.080381534033,0.159465824323893,-0.0273853964989698,69,-26.4483790513543,-0.1670729547049,9.29625973389055,0.112593050955277,0.0695318785083198,73
"Ethiopia",3.36824879329544,0.13089013063978,-2.048782996423,-0.0786011315028687,-0.0581830626992981,78,3.9524006056041,0.137960538277979,-2.3829588338478,-0.081517800670294,-0.0879741575287805,81
"Falkland_Islands_(Malvinas)",NA,NA,NA,NA,NA,NA,NA,NA,NA,NA,NA,NA
"Faroe_Islands",NA,NA,NA,NA,NA,NA,NA,NA,NA,NA,NA,NA
"Fiji",NA,NA,NA,NA,NA,NA,NA,NA,NA,NA,NA,NA
"Finland",-32.3090505227716,-0.15057254108784,11.1901653196373,0.123546523444464,-0.094281189272634,148,-36.4197256471998,-0.155458101829479,12.2206561300079,0.129120360304523,-0.119021161590128,153
"France",-39.9217847815152,-0.18646868444821,14.3038377219726,0.158242615400871,-0.205364655668816,138,-46.6180505541399,-0.199109333284424,16.0631859739519,0.158707254791965,-0.207052717500749,140
"French_Polynesia",NA,NA,NA,NA,NA,NA,NA,NA,NA,NA,NA,NA
"Gabon",-17.5363638054073,-0.0658602681044727,6.21272429263469,-35.5517352079829,51.8246391693233,169,-6.58765380931993,0.0498170311891569,1.82036464121308,-0.0771179812108065,0.0648792230919542,68
"Gambia",-66.8204540557286,-0.836766433870749,26.8413880683667,0.670847140118384,1.57446169052175,69,-23.4316569340927,-0.344091851019419,9.77537555552547,0.320603675261389,0.790494314493289,68
"Georgia",-5.1628670262971,-0.0513491824220499,2.60800030718732,0.0473003993083653,0.0705282553352066,116,-7.39496110920169,-0.0583541298586209,3.26373785835192,0.0524177818207581,0.045959597069834,119
"Germany",-51.8941064470269,-0.260549056369593,18.4205549457134,0.177102039620339,-0.176520235612541,122,-58.1111683879405,-0.267026623426599,19.9756026074411,0.177140965554346,-0.194928221060807,126
"Ghana",-31.9872045101267,-0.227246020783252,12.3627264569578,0.12290757005754,0.0527169916814995,72,-33.7259416938178,-0.211902654007792,12.5730887782675,0.111058962470878,0.0276474544597083,76
"Gibraltar",NA,NA,NA,NA,NA,NA,NA,NA,NA,NA,NA,NA
"Greece",-3.65426884737621,-0.10117645828569,3.16774156941561,0.123576083010074,-0.0797708230264696,90,-6.02415842843373,-0.107594485112304,3.89204808620305,0.129769856901314,-0.131571840781223,95
"Greenland",NA,NA,NA,NA,NA,NA,NA,NA,NA,NA,NA,NA
"Grenada",NA,NA,NA,NA,NA,NA,NA,NA,NA,NA,NA,NA
"Guam",2.86007086990958,0.0144898190386359,-0.741839206493936,0.0821246246050899,0.0056152883503472,130,2.04207282994983,-0.0180963125024373,-0.146817836226902,0.0882984346490864,-0.358391675858631,84
"Guatemala",-5.84670907064271,0.0115374335207076,2.37957064562457,-0.0272156706834777,-0.133815468075925,127,-25.8624168759414,-0.238056710002339,10.3989514498949,0.165867750633624,-0.0773885071101714,51
"Guernsey",NA,NA,NA,NA,NA,NA,NA,NA,NA,NA,NA,NA
"Guinea",-9.75150102606892,-0.071599381227205,4.49060033615325,0.0437494624420692,-0.0108206305085752,100,-11.8081863330321,-0.0743288043648281,5.02316614898903,0.0446373605665715,-0.00266779791448048,106
"Guinea_Bissau",-17.5380708896983,-0.159074662437099,7.38261410386031,0.0834758189481554,-0.0238752265806897,77,-19.0356328388288,-0.151003456304814,7.65693016489812,0.0711529031358839,-0.0134607885710012,81
"Guyana",-0.259601689418296,0.00837822515236859,0.143938624505906,0.0399364359855874,0.0123408385080724,122,-1.02480181642048,-0.00959751360425643,0.565945356727147,0.0510401545962969,-0.125325146673793,93
"Haiti",2.76431584851923,0.15056637241958,-1.95055879307923,-0.163894697363829,0.0802170873104692,73,2.73727334546902,0.143949085033307,-1.94813221639515,-0.157750171803025,0.0814431932242781,77
"Holy_See",NA,NA,NA,NA,NA,NA,NA,NA,NA,NA,NA,NA
"Honduras",1.76080912267685,0.0478694606921333,-0.0405937952656987,-0.0510357560964905,-0.00698837868010476,107,-19.2782425315635,-0.383253443985834,9.84858943710028,0.31337192582847,-0.262645011099097,39
"Hungary",-6.48870324651376,-0.0927166659754045,3.91701827258746,0.134564314706661,-0.154901006880592,120,-9.28819997398913,-0.102678368741101,4.76882675745465,0.115051733687755,-0.0581792116730247,118
"Iceland",-12.0087041767318,-0.257640691745636,6.96240758190182,0.248051323288181,-0.0404755462025268,82,-17.7664187415836,-0.282534313378747,8.8688842925606,0.266577623655287,-0.0771041291657823,87
"India",-46.3034847085967,-0.0899616096202207,13.7664152649343,0.0358690212772537,-0.00641832568928792,134,-49.345363302362,-0.0907584573432132,14.4000392909962,0.0346158372994624,0.00266976138166991,139
"Indonesia",-2.10555842197445,-0.0414697390232612,2.54981763647087,0.0345502910220355,-0.0216595027542294,58,-4.7871672630905,-0.0531767952954733,3.37519427499083,0.0398290957914335,-0.0236439843226064,64
"Iran",-4.55795273405947,-0.106456596603259,4.4437394135272,0.0748604155487773,-0.0264164148456317,68,-7.44497368638378,-0.11360785673385,5.28473356136119,0.0766824653750813,-0.0297027128005508,73
"Iraq",-23.6066020325,-0.307072864513616,10.7210990317146,0.249007570620591,0.0464284771857108,56,-28.2031459347061,-0.303089661588485,11.9416469580443,0.23922415675195,-0.0178388539457501,60
"Ireland",-15.0070732115826,-0.177156730098859,7.68640591991312,0.171070622935403,-0.0382841057343015,111,-19.5492770379902,-0.188667507530081,9.00616791000667,0.180372644344688,-0.0930002330847486,115
"Isle_of_Man",NA,NA,NA,NA,NA,NA,NA,NA,NA,NA,NA,NA
"Israel",-48.8493858876037,-0.47059692118799,19.9745213612637,0.35515516753071,-0.0442676466959671,76,-55.8169509998284,-0.468051772423979,21.7696978342046,0.344574144533184,-0.0372141711324168,81
"Italy",-25.7292443593046,-0.166834325042728,10.7519583880567,0.145280598146177,-0.198021491883166,136,-30.9064858308116,-0.177083464574666,12.1445181615839,0.141200805529209,-0.192530086896168,137
"Jamaica",-2.01974499724098,-0.0298394568093241,1.45286243103219,0.137176201746097,-0.160855041634071,134,-2.66566964472579,-0.0330500935823165,1.65777510398408,0.125918489380909,-0.174066494899249,133
"Jersey",NA,NA,NA,NA,NA,NA,NA,NA,NA,NA,NA,NA
"Jordan",2.03702710556986,-0.00555157967224754,0.141142226085429,0.0866346691542542,-0.0122900435238907,145,1.32736852967243,-0.00866706339495578,0.369556569254499,0.0975111971694583,-0.0317636002596516,149
"Kazakhstan",-43.1975648276007,-0.424012878270723,17.6606062306018,0.287744809180061,-0.162401586625162,60,-45.0138160280091,-0.387673702114289,17.7141165917456,0.256532679749635,-0.147103717945076,64
"Kenya",-28.8316694256336,-0.421173523282103,12.9478387740525,0.337139212041394,-0.470433839838111,46,-28.154436284486,-0.349089661108447,12.0656483988576,0.275424194478348,-0.352492581466216,50
"Kosovo",-21.0899473304814,-0.331997819850579,10.0705725219871,0.265539105166739,0.0706407821904545,56,-20.7149239639308,-0.282125286876684,9.48566127953767,0.224449796894955,0.0494726443311246,60
"Kuwait",2.95853969504831,0.0982306487065835,-0.864142946224343,-0.0947356523922822,-0.00192321960757906,78,2.37631119269689,0.093149122392845,-0.721672564174894,-0.0908635824376954,-0.00280081290031677,82
"Kyrgyzstan",6.00553554028489,0.1012466085639,-2.27382655513826,-0.111416649657371,-0.47444290670777,126,5.64182225741595,0.0936565466256034,-2.08937835375566,-0.100183766753907,-0.507331206656968,131
"Laos",NA,NA,NA,NA,NA,NA,NA,NA,NA,NA,NA,NA
"Latvia",-1.91092584038681,-0.0747709322736737,2.10829095506152,0.0763404250502668,0.0122840244692454,99,-3.58962176034038,-0.0804982845376191,2.6404919271427,0.0747448964056367,0.0324043837642625,102
"Lebanon",-0.463853534187179,-0.0170304448842486,1.03075735832374,0.0611718517796684,0.0193089946446602,110,-1.38227909398111,-0.0186255875818876,1.27745780071055,0.0639182004705879,-0.00589596734847745,115
"Lesotho",-0.326666518085877,0.189957430745703,-1.89072715452174,-0.196058143656678,0.229981319779942,59,1.47237934782153,0.193504839955331,-2.52766425201104,-0.185175346012006,0.173531050666914,63
"Liberia",-0.974228032580683,0.0185142444789429,0.427141285962604,-0.064852683915945,0.0108123190422525,111,-24.2126368994171,-0.258686264518567,9.78985596752314,0.162374928239424,0.0803639063539633,56
"Libya",1.51036029141362,0.0596918891708241,-0.842229217100514,-0.0514515902225907,0.0551778862521109,143,1.30799834931524,0.0584649186790394,-0.811387180507132,-0.049289021581596,0.0318282645351747,148
"Liechtenstein",NA,NA,NA,NA,NA,NA,NA,NA,NA,NA,NA,NA
"Lithuania",-2.74750544810631,-0.0852505756969624,2.61084254861396,0.10645228699004,-0.0571782314975749,100,-5.04494267059709,-0.0942920004681226,3.34466441457844,0.112692726864332,-0.0933510592654677,103
"Luxembourg",-7.93755014689679,-0.264041525161192,6.00648493351025,0.233486696674713,-0.0102574214774835,59,-12.3075692683405,-0.274182353573546,7.42261023860426,0.236570860908383,-0.0233979066117551,65
"Madagascar",2.50063272022315,0.0615600634016795,-0.863003474921263,-0.118542193373501,0.117989900192347,125,2.34073570878315,0.0594459780600557,-0.826724651950733,-0.120235240797951,0.10658882410512,130
"Malawi",-1.28193681895412,0.0471975473546849,0.259397414988768,-0.0829313025938599,0.121831027446138,101,-0.130946273077384,0.0546656410775652,-0.185881531006751,-0.0804339547758007,0.0853791986203252,104
"Malaysia",-39.1552599550392,-0.188495624830841,13.4502017392892,0.0821666686004823,-0.101003852694278,105,-45.9117117495295,-0.2019870662485,15.2509672434171,0.0848837495752534,-0.0941385674193635,109
"Maldives",-27.1054179301672,-0.135717319932393,9.46726460983788,0.0988766095755634,0.0170517793690096,106,6.62521137580909,0.408111628131453,-6.04516033525772,-0.341315110786631,0.0683582431141276,53
"Mali",-0.204354483399869,-0.00132509892810476,0.906738525569272,-0.0296996412182418,-0.012792756287056,72,-0.879648473757707,-0.00255289790320298,1.07481530127212,-0.0307344966788721,-0.0448620712053524,79
"Malta",-1.31060173458621,-0.0594665104428792,1.61683009603546,0.0979236793093936,0.161907971762249,108,-2.42976829957745,-0.0616724415149819,1.95552669938067,0.108109335335513,0.154500357144887,116
"Mauritania",-2.76658275506056,0.0922593085281848,-0.193517185087348,-0.128244324528565,0.0345880953472819,97,-0.806066851712705,0.10312922924373,-0.918095370578672,-0.133942041654474,0.0593704932005895,100
"Mauritius",NA,NA,NA,NA,NA,NA,NA,NA,NA,NA,NA,NA
"Mexico",-9.97505872440562,-0.102177480232789,5.43448074561281,0.0652635884441926,-0.116666715024955,39,-13.3288995059571,-0.0644848442022502,5.92010579080043,0.0242602209320765,-0.0113102910818818,65
"Moldova",-2.82062250395006,-0.0416874598377577,2.48344639142377,0.0311932315119265,-0.0526912439937597,63,-4.21099363767376,-0.0419947793207774,2.83069265957333,0.0290492686457311,-0.0481190663071782,69
"Monaco",NA,NA,NA,NA,NA,NA,NA,NA,NA,NA,NA,NA
"Mongolia",NA,NA,NA,NA,NA,NA,NA,NA,NA,NA,NA,NA
"Montenegro",-24.265336561186,-0.880652799574678,14.7050677120113,0.78156546781723,0.0267125043675309,40,-25.7743330911969,-0.735969309267189,14.3310012206661,0.642783008346007,0.0914240438108389,45
"Montserrat",NA,NA,NA,NA,NA,NA,NA,NA,NA,NA,NA,NA
"Morocco",-7.66300308408396,-0.0972114184139857,4.46676594463374,0.0997789500302673,-0.027559147898376,84,-9.34521354852258,-0.0955909007067262,4.8724855947161,0.0985491569129956,-0.0594422033603573,89
"Mozambique",0.923572243259221,0.0685151391402759,-0.713452745674303,-0.0415391742250383,-0.0662125638596619,75,1.16531929675603,0.0700843561638594,-0.84573256473726,-0.0402721139700793,-0.0810905935363313,78
"Myanmar",NA,NA,NA,NA,NA,NA,NA,NA,NA,NA,NA,NA
"Namibia",-18.3816199396157,-1.00025011540839,12.0254747935967,0.950557138108901,0.389765044327456,34,-12.9883747343297,-0.763501933588224,8.82195689037345,0.737479371887177,0.690774126534933,36
"Netherlands",-5.74516061366519,-0.108393745451772,4.56996909849829,0.114705202389443,-0.0791343406431821,109,-8.43711139902904,-0.114031720572625,5.33830606341669,0.120848817094277,-0.0874454245090788,115
"New_Caledonia",NA,NA,NA,NA,NA,NA,NA,NA,NA,NA,NA,NA
"Nicaragua",-0.415037694031047,0.292296992353867,-3.60211075909775,-0.271977143605212,0.0134824351264368,70,3.98247782149835,0.306189852157006,-5.05113631268825,-0.277916874382319,0.191702523301509,72
"Niger",-9.68900070091551,-0.304457128024299,6.36168798000871,0.218552777754287,-0.231073699345159,41,-11.5618341445021,-0.263705107231587,6.63422365467476,0.178849804477498,-0.21884446519587,47
"Nigeria",-20.7662398430412,-0.103823782669944,7.86256757490596,0.0368589758948684,0.0187837558582669,72,-22.1542874747014,-0.0958790528861181,8.05189502810047,0.0300233594767786,0.021591532249036,77
"North_Macedonia",-20.967189737427,-0.29070181023983,9.79985939797296,0.214356690391474,0.0285631306170701,57,-23.832175177813,-0.273452379654007,10.4137761410516,0.195728617550144,0.0280778780571729,62
"Northern_Mariana_Islands",NA,NA,NA,NA,NA,NA,NA,NA,NA,NA,NA,NA
"Norway",-4.51062470927426,-0.126381397792818,3.97501276819592,0.123218593583787,-0.104323041195766,93,-7.63401204370135,-0.137567165083907,4.96025413537338,0.131477944477869,-0.146479235609825,97
"Oman",-63.5156438412844,-0.458359291702668,23.186309328413,0.270578066130228,-0.226813067087307,64,-72.4455059297697,-0.455857231366828,25.4066581801947,0.256294567487521,-0.213977411780383,69
"Pakistan",0.573383336742135,0.0297416026906214,1.07863017864857,-0.0788249082480321,0.073652870060912,104,-0.822735714752985,0.0247877410599433,1.44911835367204,-0.0758142435724064,0.0555060313035362,109
"Palestine",-31.7766128992411,-0.472450013086666,14.2839966346349,0.384600091693362,0.385809128070631,59,-28.1666360552541,-0.409062551872252,12.657422925874,0.333557661444837,0.535651913327365,62
"Panama",-12.5666467257007,-0.193018009134565,6.91022828170315,0.144808944913291,-0.00385202942984161,56,-15.0085747557767,-0.184909906015806,7.48747458228183,0.134187985013505,0.0025028805029701,61
"Papua_New_Guinea",NA,NA,NA,NA,NA,NA,NA,NA,NA,NA,NA,NA
"Paraguay",-1.77445006140568,-0.00620942468402766,1.21422322828204,0.039869341852447,-0.0129774077485675,95,-1.92535165075106,-0.00360644655953711,1.1934945567114,0.0387511159970548,-0.0320634615950338,99
"Peru",-14.3797887530844,-0.0749639609095164,6.55352825360641,0.0497747253704039,-0.00542107840712311,121,5.76751876099863,0.13251354891742,-1.29819195264306,-0.11492095646024,0.054338361022985,58
"Philippines",-31.9412735433678,-0.127157525480994,10.8545908975522,0.0908728123755285,-0.0901990531800789,107,-29.4839436401068,-0.106161494283799,9.89177715693781,0.0781921375274018,-0.0900350955257395,112
"Poland",-0.839701275993213,-0.0307448257743245,2.11047133973706,0.035294869459496,0.0182720828416601,121,-2.30373550952323,-0.0341703796994441,2.51123413583185,0.0388633769953554,0.000789139958184801,125
"Portugal",-9.34843932026711,-0.157896096581559,5.99784831900328,0.108773656986817,-0.0589623500367018,70,-13.7872068980403,-0.175274374446294,7.3819564178412,0.115366564695968,-0.0819979257589717,73
"Qatar",-1.34000543648416,0.0176774611818865,1.69391551360142,-0.05941050621963,0.0181117818773433,83,-3.2585377758529,0.0106657609976832,2.22139360025716,-0.0566155366124079,0.0208729818995759,87
"Romania",-13.8407934860231,-0.128541836320608,6.67329622834945,0.104161682134178,-0.0123732338624937,89,-16.7264300391699,-0.131206896949708,7.42686665465443,0.104359235200219,-0.0261085098884608,94
"Russia",-3.11003896376479,0.0840854242314453,1.03145629598943,-0.0987488693203536,0.012807322352077,92,-4.21171595242604,0.0866237742599138,1.15618600635721,-0.102724764224635,0.0517782270626127,94
"Rwanda",0.18918236789453,0.0122735119037725,0.310847444329957,0.0341972019037972,0.14738978928853,150,-0.0303324202077391,-0.0145878697293986,0.603133417865913,0.0334333419981421,0.0461760709375236,63
"Saint_Kitts_and_Nevis",NA,NA,NA,NA,NA,NA,NA,NA,NA,NA,NA,NA
"Saint_Lucia",NA,NA,NA,NA,NA,NA,NA,NA,NA,NA,NA,NA
"Saint_Vincent_and_the_Grenadines",NA,NA,NA,NA,NA,NA,NA,NA,NA,NA,NA,NA
"San_Marino",NA,NA,NA,NA,NA,NA,NA,NA,NA,NA,NA,NA
"Sao_Tome_and_Principe",NA,NA,NA,NA,NA,NA,NA,NA,NA,NA,NA,NA
"Saudi_Arabia",-12.0959189539924,-0.248589777418628,7.17093967360321,0.182604069410937,-0.230055416055989,30,-22.4014955770736,-0.121502562864273,8.97753969397041,0.0409438574635181,-0.0130273492804866,70
"Senegal",1.26528158570876,0.070123148719993,-0.221503701238466,-0.0672738543506505,0.050898818947255,59,1.12755471533919,0.0704476919516953,-0.254373394718973,-0.0665135514461429,0.036630669301395,63
"Serbia",-18.6989932205175,-0.247212018865086,9.25741087257662,0.181677897291508,-0.000645446274291913,69,-22.0553190621859,-0.242445623971768,10.1070723883442,0.175142799585796,-0.0345625014303098,74
"Seychelles",NA,NA,NA,NA,NA,NA,NA,NA,NA,NA,NA,NA
"Sierra_Leone",-2.52810494608534,0.0401007445762517,1.07569489387564,-0.0700124703729013,0.0412027888713466,44,-2.55536022506322,0.0488952694152865,0.914763247455071,-0.0762495410248416,0.0433689579012214,48
"Singapore",4.42835108930978,0.161506043448845,-2.64820218240122,-0.159679311469826,0.0738152004641517,89,4.35148648264444,0.156043126137109,-2.63806420585261,-0.15383354796784,0.0597649768931058,93
"Sint_Maarten",NA,NA,NA,NA,NA,NA,NA,NA,NA,NA,NA,NA
"Slovakia",-5.04751289577238,-0.122161399071904,3.59925772508668,0.13270394110267,-0.0109347636137424,84,-7.51223487567319,-0.129504774441265,4.36953500883428,0.134800144069519,0.0155442311791645,89
"Slovenia",-2.11227791042918,-0.136070544777921,2.84351220339964,0.139113288047535,0.0487497657343068,72,-4.45742942324579,-0.14494209082214,3.63937632558599,0.142432751796026,0.062026771597096,77
"Somalia",-15.645846490358,-0.0975847053733583,6.18441587790267,0.453771652842472,-0.106611457948675,162,-15.0267640144833,0.0576678620794042,4.40124337008127,-0.133380033752435,0.137969602675198,38
"South_Africa",-70.7068055283767,-0.520549624950467,26.1689179819249,0.325553802553491,-0.352814187912203,65,-77.5833984972476,-0.496093724146419,27.5859363222855,0.296760168249279,-0.320470059872017,70
"South_Korea",-29.0872087428183,-0.251720621329452,12.0546975885397,0.215942827200251,-0.251861343982149,101,-34.9501880842646,-0.263311133352265,13.6939560257298,0.216271164542563,-0.216834776642478,105
"South_Sudan",-34.293356170199,-0.224100165644678,12.5674969062324,0.0871596434933683,0.0470775780136765,88,-36.1934318816951,-0.213602783046986,12.875993896282,0.0790884068797725,0.0330738257432971,93
"Spain",-39.9434182473534,-0.239359627155346,15.3176987135556,0.206051765752483,-0.142618742750422,124,-45.7665554910246,-0.246964835969117,16.8217365565738,0.206421630846865,-0.146437372934105,128
"Sudan",-1.95475707415482,0.0878747419137598,0.355390326506027,-0.109315827502663,0.0606871814176366,66,-3.33766069145192,0.0818368689569086,0.695649531404933,-0.105983940885689,0.0434019037787188,70
"Suriname",-4.34012602769196,0.0332202495462737,0.824983886964892,-0.072306108127341,0.0672617725281234,145,2.69528379281182,0.125146639519866,-2.51604481967399,-0.0859965172866899,0.162869343870158,90
"Sweden",-37.6224212925925,-0.162765888078746,12.9755709690177,0.0624561497845237,-0.0309915315399825,94,-41.6299179152887,-0.16420602561618,13.9129207911709,0.0593555466328513,-0.00346232791243244,100
"Switzerland",-12.7091059389621,-0.223379151028623,7.64682086068701,0.203057928808547,-0.0761324500381407,87,-17.6657387451419,-0.238028810035029,9.16314690792883,0.208650972933084,-0.0974486739970357,91
"Syria",1.83612659539357,0.0518924137643951,-1.05465017536266,-0.0817462784062738,0.119385726797768,151,0.284973082396407,0.0329541763559153,-0.350928799345069,0.00990288644308466,0.070918382705264,115
"Taiwan",NA,NA,NA,NA,NA,NA,NA,NA,NA,NA,NA,NA
"Tajikistan",0.628024439166738,-0.0938369865438588,2.06813976278663,0.0643227906356862,-0.0405818793534954,53,-0.644466091895203,-0.0926594109596185,2.44251030063213,0.059711559056324,-0.0318230944158643,59
"Thailand",-76.9808515075963,-0.344467160660427,24.7544593905842,0.204459515921442,-0.148442721356755,120,-87.6852836628664,-0.362451882386132,27.5462584565683,0.210652509677522,-0.168763616719214,124
"Timor_Leste",NA,NA,NA,NA,NA,NA,NA,NA,NA,NA,NA,NA
"Togo",2.03635779661173,0.0851219781064483,-1.1203876930279,-0.0631470048244555,-0.200789384163685,61,1.6764728202199,0.078516104749733,-0.99895394566103,-0.0573697816050281,-0.214306149547402,65
"Trinidad_and_Tobago",-4.46485824503501,-0.289724281964813,3.83704618917901,0.357049748288131,0.0357138006864539,63,-4.59024018628193,-0.214671520702364,3.42889485665029,0.303337462967204,-0.231087581407556,75
"Turkey",-3.21061128190676,-0.12947090933043,4.4733480830184,0.096321479637912,-0.0761943024673136,72,-6.55893416945897,-0.141187482061713,5.51374027965531,0.0997457924727746,-0.0799006767669412,76
"Turks_and_Caicos_islands",NA,NA,NA,NA,NA,NA,NA,NA,NA,NA,NA,NA
"Uganda",5.53088847773329,0.232242567778195,-3.70626933957043,-0.169396974125786,-0.332452920464872,55,4.87618543594548,0.184067962414458,-3.04338482398964,-0.131491851908645,-0.267321448621656,58
"Ukraine",-3.19277537259369,-0.0467101825876229,2.95797520055,0.0420946144219683,-0.0748213337169939,81,-5.21192915109425,-0.0521427047268832,3.52512139826319,0.0432954137691754,-0.0736722749254322,85
"United_Arab_Emirates",-6.88234564640334,0.09454850734099,1.41361542137295,-0.115294371750673,0.200924509648188,72,-10.7992583791708,0.0755834269214056,2.54249290643408,-0.104106399607631,0.166337287747502,76
"United_Kingdom",-34.7482329607823,-0.152109922590234,12.6067275261629,0.100417573528803,-0.114825332645672,144,-39.9467141567079,-0.160249912185135,13.930548889135,0.0996628112876989,-0.124681589666474,146
"United_Republic_of_Tanzania",NA,NA,NA,NA,NA,NA,NA,NA,NA,NA,NA,NA
"United_States_of_America",-68.0871228624982,-0.231953659707069,22.0403862900101,0.11677368249421,-0.052420375750309,126,-73.6426840801694,-0.235042671752568,23.3169677128738,0.115886229959647,-0.0632627148667146,130
"United_States_Virgin_Islands",3.89152758676818,0.0631914270907774,-1.92231198777853,-0.080600280499346,0.114993069527159,143,2.76068443409335,-0.0582801547558042,-0.430169546613219,0.0979384427746612,0.328795941956902,50
"Uruguay",2.20666385616741,-0.0417627947459722,0.456548899114608,0.0513952260546232,-0.0401578646684033,66,1.75620795274141,-0.0380833559858805,0.585300122756174,0.047575011036845,0.0744778141460996,85
"Uzbekistan",-20.6267983939485,-0.329375292311571,10.2111016574022,0.26602428718484,-0.194303020378675,53,-19.1244030501971,-0.258599117318671,9.09804013730629,0.206789799145798,-0.0774246698080067,59
"Venezuela",0.988421713878314,0.037984451656113,0.0573736695126454,-0.0470501223597392,-0.0247979388356306,151,1.12859226054871,0.0379248399959411,-0.00332015089729565,-0.083752823633744,0.0895179333246453,156
"Vietnam",-13.4693582143655,-0.0902137151938422,4.98642301762605,0.0868378674462609,0.187305243956529,122,-17.2187003492733,-0.099989682804838,6.05073746678129,0.0994838107040328,0.124947381894563,128
"Yemen",-8.38457708587343,-0.00826699247654035,2.98025709113132,-0.044514715324011,-0.0478411741559305,66,-7.5325605577312,0.00480150217680571,2.53578776393949,-0.0541835110181901,-0.00253079734345823,69
"Zambia",-43.5717491272546,-0.265809836059217,15.3218290729978,0.171430212793508,0.110251313149632,84,-36.6076606044639,-0.203603101685066,12.6983648602762,0.134935528589806,0.110171242403785,89
"Zimbabwe",-45.6013104046239,-0.208803454622168,14.6141106939378,0.102172623428186,0.366733835150517,85,-27.6968661865686,-0.572053102760896,13.0822661164569,0.491915014125421,-0.0017271716207453,44
