"CountryCode","C1_School_closing","C2_Workplace_closing","C3_Cancel_public_events","C4_Restrictions_on_gatherings","C5_Close_public_transport","C6_Stay_at_home_requirements","C7_Restrictions_on_internal_movement","C8_International_travel_controls","E1_Income_support","E2_Debt_contract_relief","H1_Public_information_campaigns","H2_Testing_policy","H3_Contact_tracing","StringencyIndex","Days","Government","Nationwide_ConfirmedCases","Nationwide_DailyConfirmed","Capital_ConfirmedCases","Capital_DailyConfirmed","NonCapital_ConfirmedCases","NonCapital_DailyConfirmed"
"KOR",0,0,0,0,0,0,0,0,0,0,0,0,0,"0.00",1,1,1,1,1,1,0,0
"KOR",0,0,0,0,0,0,0,0,0,0,0,0.333333333333333,0,"0.00",2,1,1,0,1,0,0,0
"KOR",0,0,0,0,0,0,0,0,0,0,0,0.333333333333333,0,"0.00",3,1,1,0,1,0,0,0
"KOR",0,0,0,0,0,0,0,0,0,0,0,0.333333333333333,0,"0.00",4,1,1,0,1,0,0,0
"KOR",0,0,0,0,0,0,0,0,0,0,0,0.333333333333333,0,"0.00",5,1,2,1,2,1,0,0
"KOR",0,0,0,0,0,0,0,0,0,0,0,0.333333333333333,0,"0.00",6,1,2,0,2,0,0,0
"KOR",0,0,0,0,0,0,0,0,0,0,0,0.333333333333333,0,"0.00",7,1,3,1,3,1,0,0
"KOR",0,0,0,0,0,0,0,0,0,0,0,0.333333333333333,0,"0.00",8,1,4,1,4,1,0,0
"KOR",0,0,0,0,0,0,0,0,0,0,0,0.333333333333333,0,"0.00",9,1,4,0,4,0,0,0
"KOR",0,0,0,0,0,0,0,0,0,0,0,0.333333333333333,0.5,"0.00",10,1,4,0,4,0,0,0
"KOR",0,0,0,0,0,0,0,0,0,0,0,0.333333333333333,0.5,"0.00",11,1,7,3,7,3,0,0
"KOR",0,0,0.333333333333333,0,0,0,0,0,0,0,0,0.333333333333333,0.5,"2.78",12,1,11,4,10,3,1,1
"KOR",0,0,0.333333333333333,0,0,0,0,0,0,0,1,0.333333333333333,0.5,"13.89",13,1,12,1,11,1,1,0
"KOR",0,0,0.333333333333333,0,0,0,0,0,0,0,1,0.333333333333333,0.5,"13.89",14,1,15,3,14,3,1,0
"KOR",0.5,0,0.333333333333333,0,0,0,0,0,0,0,1,0.333333333333333,0.5,"19.44",15,1,15,0,14,0,1,0
"KOR",0.5,0,0.333333333333333,0,0,0,0,0.6,0,0,1,0.333333333333333,0.5,"27.78",16,1,16,1,14,0,2,1
"KOR",0.5,0,0.333333333333333,0,0,0,0,0.6,0,0,1,0.333333333333333,0.5,"27.78",17,1,18,2,16,2,2,0
"KOR",0.75,0,0.333333333333333,0,0,0,0,0.6,0,0,1,0.333333333333333,0.5,"31.48",18,1,23,5,21,5,2,0
"KOR",0.75,0,0.333333333333333,0,0,0,0,0.6,0,0,1,1,0.5,"31.48",19,1,24,1,22,1,2,0
"KOR",0.75,0,0.333333333333333,0,0,0,0,0.6,0,0,1,1,0.5,"31.48",20,1,24,0,22,0,2,0
"KOR",0.75,0,0.333333333333333,0,0,0,0,0.6,0,0,1,1,0.5,"31.48",21,1,27,3,25,3,2,0
"KOR",0.75,0,0.333333333333333,0,0,0,0,0.6,0,0,1,1,0.5,"31.48",22,1,27,0,25,0,2,0
"KOR",0.75,0,0.333333333333333,0,0,0,0,0.6,0,0,1,1,1,"31.48",23,1,29,2,27,2,2,0
"KOR",0.75,0,0.333333333333333,0,0,0,0,0.6,0,0,1,1,1,"31.48",24,1,29,0,27,0,2,0
"KOR",0.75,0,0.333333333333333,0,0,0,0,0.6,0,0,1,1,1,"31.48",25,1,29,0,27,0,2,0
"KOR",0.75,0,0.333333333333333,0,0,0,0,0.6,0,0,1,1,1,"31.48",26,1,29,0,27,0,2,0
"KOR",0.75,0,0.333333333333333,0,0,0,0,0.6,0,0,1,1,1,"31.48",27,1,29,0,27,0,2,0
"KOR",0.75,0,0.333333333333333,0,0,0,0,0.6,0,0,1,1,1,"31.48",28,1,29,0,27,0,2,0
"KOR",0.75,0,0.333333333333333,0,0,0,0,0.6,0,0,1,1,1,"31.48",29,1,29,0,27,0,2,0
"KOR",0.75,0,0.333333333333333,0,0,0,0,0.6,0,0,1,1,1,"31.48",30,3,30,1,27,0,3,1
"KOR",0.75,0,0.333333333333333,0,0,0,0,0.6,0,0,1,1,1,"31.48",31,3,52,22,34,7,18,15
"KOR",0.75,0,0.333333333333333,0,0,0,0,0.6,0,0,1,1,1,"31.48",32,3,104,52,36,2,68,50
"KOR",0.75,0,1,0.6,0,0,0,0.6,0,0,1,1,1,"45.37",33,3,203,99,43,7,160,92
"KOR",0.75,0,1,0.6,0,0,0,0.6,0,0,1,1,1,"45.37",34,3,432,229,52,9,380,220
"KOR",0.75,0,1,0.6,0,0.25,0.333333333333333,0.6,0,0,1,1,1,"50.00",35,3,600,168,57,5,543,163
"KOR",1,0.5,1,0.6,0,0.25,0.333333333333333,0.6,0,0,1,1,1,"55.56",36,3,831,231,72,15,759,216
"KOR",1,0.5,1,0.6,0,0.25,0.333333333333333,0.6,0,0,1,1,1,"55.56",37,3,975,144,85,13,890,131
"KOR",1,0.5,1,0.6,0,0.25,0.333333333333333,0.6,0,0,1,1,1,"55.56",38,3,1259,284,103,18,1156,266
"KOR",1,0.5,1,0.6,0,0.25,0.333333333333333,0.6,0,0,1,1,1,"55.56",39,3,1764,505,121,18,1643,487
"KOR",1,0.5,1,0.6,0,0.25,0.333333333333333,0.6,0,0,1,1,1,"55.56",40,3,2335,571,138,17,2197,554
"KOR",1,0.5,1,0.6,0,0.25,0.333333333333333,0.6,0,0,1,1,1,"55.56",41,3,3148,813,165,27,2983,786
"KOR",1,0.5,1,0.6,0,0.25,0.333333333333333,0.6,0,0,1,1,1,"55.56",42,3,3734,586,182,17,3552,569
"KOR",1,0.5,1,0.6,0,0.25,0.333333333333333,0.6,0,0,1,1,1,"55.56",43,3,4210,476,190,8,4020,468
"KOR",1,0.5,1,0.6,0,0.25,0.333333333333333,0.6,0,0,1,1,1,"55.56",44,3,4809,599,199,9,4610,590
"KOR",1,0.5,1,0.6,0,0.25,0.333333333333333,0.6,0,0,1,1,1,"55.56",45,3,5324,515,209,10,5115,505
"KOR",1,0.5,1,0.6,0,0.25,0.333333333333333,0.6,0,0,1,1,1,"55.56",46,3,5762,438,222,13,5540,425
"KOR",1,0.5,1,0.6,0,0.25,0.333333333333333,0.6,0,0,1,1,1,"55.56",47,3,6280,518,234,12,6046,506
"KOR",1,0.5,1,0.6,0,0.25,0.333333333333333,0.6,0,0,1,1,1,"55.56",48,3,6763,483,247,13,6516,470
"KOR",1,0.5,1,0.6,0,0.25,0.333333333333333,0.6,0,0,1,1,1,"55.56",49,3,7130,367,270,23,6860,344
"KOR",1,0.5,1,0.6,0,0.25,0.333333333333333,0.6,0,0,1,1,1,"55.56",50,3,7378,248,292,22,7086,226
"KOR",1,0.5,1,0.6,0,0.25,0.333333333333333,0.6,0,0,1,1,1,"55.56",51,3,7509,131,317,25,7192,106
"KOR",1,0.5,1,0.6,0,0.25,0.333333333333333,0.6,0,0,1,1,1,"55.56",52,3,7751,242,393,76,7358,166
"KOR",1,0.5,1,0.6,0,0.25,0.333333333333333,0.6,0,0,1,1,1,"55.56",53,3,7865,114,415,22,7450,92
"KOR",1,0.5,1,0.6,0,0.25,0.333333333333333,0.6,0,0,1,1,1,"55.56",54,3,7975,110,437,22,7538,88
"KOR",1,0.5,1,0.6,0,0.25,0.333333333333333,0.6,0,0,1,1,1,"55.56",55,3,8082,107,466,29,7616,78
"KOR",1,0.5,1,0.6,0,0.25,0.333333333333333,0.6,0,0,1,1,1,"55.56",56,3,8158,76,488,22,7670,54
"KOR",1,0.5,1,0.6,0,0.25,0.333333333333333,0.6,0,0,1,1,1,"55.56",57,3,8228,70,514,26,7714,44
"KOR",1,0.5,1,0.6,0,0.25,0.333333333333333,0.6,0,0.5,1,1,1,"55.56",58,3,8310,82,558,44,7752,38
"KOR",1,0.5,1,0.6,0,0.25,0.333333333333333,0.6,0,0.5,1,1,1,"55.56",59,3,8398,88,579,21,7819,67
"KOR",1,0.5,1,0.6,0,0.25,0.333333333333333,0.6,0,0.5,1,1,1,"55.56",60,3,8545,147,609,30,7936,117
"KOR",1,0.5,1,0.6,0,0.25,0.333333333333333,0.6,0,0.5,1,1,1,"55.56",61,3,8631,86,644,35,7987,51
"KOR",1,0.5,1,0.6,0,0.75,1,0.6,0,0.5,1,1,1,"69.44",62,3,8772,141,675,31,8097,110
"KOR",1,0.75,1,0.8,0,0.75,1,0.6,0,0.5,1,1,1,"75.93",63,2,8859,87,701,26,8158,61
"KOR",1,0.75,1,0.8,0,0.75,1,0.6,0,0.5,1,1,1,"75.93",64,2,8910,51,721,20,8189,31
"KOR",1,0.75,1,0.8,0,0.75,1,0.6,0,0.5,1,1,1,"75.93",65,2,8966,56,741,20,8225,36
"KOR",1,0.75,1,0.8,0,0.75,1,0.6,0,0.5,1,1,1,"75.93",66,2,9030,64,776,35,8254,29
"KOR",1,0.75,1,0.8,0,0.75,1,0.6,0,0.5,1,1,1,"75.93",67,2,9104,74,804,28,8300,46
"KOR",1,0.75,1,0.8,0,0.75,1,0.6,0,0.5,1,1,1,"75.93",68,2,9181,77,830,26,8351,51
"KOR",1,0.75,1,0.8,0,0.75,1,0.6,0,0.5,1,1,1,"75.93",69,2,9302,121,874,44,8428,77
"KOR",1,0.75,1,0.8,0,0.75,1,0.6,0,0.5,1,1,1,"75.93",70,2,9386,84,916,42,8470,42
"KOR",1,0.75,1,0.8,0,0.75,1,0.8,0.666666666666667,0.5,1,1,1,"75.93",71,2,9450,64,947,31,8503,33
"KOR",1,0.75,1,0.8,0,0.75,1,0.8,0.666666666666667,0.5,1,1,1,"75.93",72,2,9560,110,990,43,8570,67
"KOR",1,0.75,1,0.8,0,0.75,1,0.8,0.666666666666667,0.5,1,1,1,"75.93",73,2,9654,94,1042,52,8612,42
"KOR",1,0.75,1,0.8,0,0.75,1,0.8,0.666666666666667,0.5,1,1,1,"75.93",74,2,9725,71,1077,35,8648,36
"KOR",1,0.75,1,0.8,0,0.75,1,0.8,0.666666666666667,0.5,1,1,1,"75.93",75,2,9789,64,1119,42,8670,22
"KOR",1,0.75,1,1,0,0.75,1,0.8,0.666666666666667,0.5,1,1,1,"78.70",76,2,9868,79,1167,48,8701,31
"KOR",1,0.75,1,1,0,0.75,1,0.8,0.666666666666667,0.5,1,1,1,"78.70",77,2,9922,54,1203,36,8719,18
"KOR",1,1,1,1,0,0.75,1,0.8,0.666666666666667,0.5,1,1,1,"82.41",78,2,9962,40,1223,20,8739,20
"KOR",1,1,1,1,0,0.75,1,0.8,0.666666666666667,0.5,1,1,1,"82.41",79,2,9995,33,1237,14,8758,19
"KOR",1,1,1,1,0,0.75,1,0.8,0.666666666666667,0.5,1,1,1,"82.41",80,2,10034,39,1258,21,8776,18
"KOR",1,1,1,1,0,0.75,1,0.8,0.666666666666667,0.5,1,1,1,"82.41",81,2,10063,29,1280,22,8783,7
"KOR",1,1,1,1,0,0.75,1,0.8,0.666666666666667,0.5,1,1,1,"82.41",82,2,10086,23,1295,15,8791,8
"KOR",1,1,1,1,0,0.75,1,0.8,0.666666666666667,0.5,1,1,1,"82.41",83,2,10110,24,1308,13,8802,11
"KOR",1,1,1,1,0,0.75,1,0.8,0.666666666666667,0.5,1,1,1,"82.41",84,2,10124,14,1316,8,8808,6
"KOR",1,1,1,1,0,0.75,1,0.8,0.666666666666667,0.5,1,1,1,"82.41",85,2,10143,19,1328,12,8815,7
"KOR",1,1,1,1,0,0.75,1,0.8,0.666666666666667,0.5,1,1,1,"82.41",86,2,10163,20,1339,11,8824,9
"KOR",1,1,1,1,0,0.75,1,0.8,0.666666666666667,0.5,1,1,1,"82.41",87,2,10185,22,1350,11,8835,11
"KOR",1,1,1,1,0,0.75,1,0.8,0.666666666666667,0.5,1,1,1,"82.41",88,2,10203,18,1356,6,8847,12
"KOR",1,1,1,1,0,0.75,1,0.8,0.666666666666667,0.5,1,1,1,"82.41",89,2,10214,11,1360,4,8854,7
"KOR",1,1,1,1,0,0.5,0.666666666666667,0.8,0.666666666666667,0.5,1,1,1,"73.15",90,2,10228,14,1366,6,8862,8
"KOR",1,1,1,1,0,0.5,0.666666666666667,0.8,0.666666666666667,0.5,1,1,1,"73.15",91,2,10234,6,1369,3,8865,3
"KOR",1,0.75,0.666666666666667,0,0,0,0,0.8,0.666666666666667,0.5,1,1,1,"43.52",92,1.5,10243,9,1372,3,8871,6
"KOR",1,0.75,0.666666666666667,0,0,0,0,0.8,0.666666666666667,0.5,1,1,1,"43.52",93,1.5,10249,6,1376,4,8873,2
"KOR",1,0.75,0.666666666666667,0,0,0,0,0.8,0.666666666666667,0.5,1,1,1,"43.52",94,1.5,10258,9,1378,2,8880,7
"KOR",1,0.75,0.666666666666667,0,0,0,0,0.8,0.666666666666667,0.5,1,1,1,"43.52",95,1.5,10264,6,1379,1,8885,5
"KOR",1,0.75,0.666666666666667,0,0,0,0,0.8,0.666666666666667,0.5,1,1,1,"43.52",96,1.5,10269,5,1380,1,8889,4
"KOR",1,0.75,0.666666666666667,0,0,0,0,0.8,0.666666666666667,0.5,1,1,1,"43.52",97,1.5,10275,6,1383,3,8892,3
"KOR",1,0.75,0.666666666666667,0,0,0,0,0.8,0.666666666666667,0.5,1,1,1,"43.52",98,1.5,10284,9,1389,6,8895,3
"KOR",1,0.75,0.666666666666667,0,0,0,0,0.8,0.666666666666667,0.5,1,1,1,"43.52",99,1.5,10289,5,1392,3,8897,2
"KOR",1,0.75,0.666666666666667,0,0,0,0,0.8,0.666666666666667,0.5,1,1,1,"43.52",100,1.5,10300,11,1400,8,8900,3
"KOR",1,0.75,0.666666666666667,0,0,0,0,0.8,0.666666666666667,0.5,1,1,1,"43.52",101,1.5,10306,6,1402,2,8904,4
"KOR",1,0.75,0.666666666666667,0,0,0,0,0.8,0.666666666666667,0.5,1,1,1,"43.52",102,1.5,10306,0,1402,0,8904,0
"KOR",1,0.75,0.666666666666667,0,0,0,0,0.8,0.666666666666667,0.5,1,1,1,"43.52",103,1.5,10311,5,1406,4,8905,1
"KOR",1,0.75,0.666666666666667,0,0,0,0,0.8,0.666666666666667,0.5,1,1,1,"43.52",104,1.5,10314,3,1408,2,8906,1
"KOR",1,0.75,0.666666666666667,0,0,0,0,0.8,0.666666666666667,0.5,1,1,1,"43.52",105,1.5,10322,8,1412,4,8910,4
"KOR",1,0.75,0.666666666666667,0,0,0,0,0.8,0.666666666666667,0.5,1,1,1,"43.52",106,1.5,10326,4,1414,2,8912,2
"KOR",1,0.75,0.666666666666667,0,0,0,0,0.8,0.666666666666667,0.5,1,1,1,"43.52",107,1.5,10327,1,1415,1,8912,0
"KOR",1,0.75,0.666666666666667,0,0,0,0,0.8,0.666666666666667,0.5,1,1,1,"43.52",108,1,10327,0,1415,0,8912,0
"KOR",1,0.75,0.666666666666667,0,0,0,0,0.8,0.666666666666667,0.5,1,1,1,"43.52",109,1,10330,3,1416,1,8914,2
"KOR",1,0.75,0.666666666666667,0,0,0,0,0.8,0.666666666666667,0.5,1,1,1,"43.52",110,1,10339,9,1418,2,8921,7
"KOR",1,0.75,0.666666666666667,0,0,0,0,0.8,0.666666666666667,0.5,1,1,1,"43.52",111,1,10357,18,1435,17,8922,1
"KOR",1,0.75,0.666666666666667,0,0,0,0,0.8,0.666666666666667,0.5,1,1,1,"43.52",112,1,10384,27,1458,23,8926,4
"KOR",1,0.75,0.666666666666667,0,0,0,0,0.8,0.666666666666667,0.5,1,1,1,"43.52",113,1,10416,32,1485,27,8931,5
"KOR",1,0.75,0.666666666666667,0,0,0,0,0.8,0.666666666666667,0.5,1,1,1,"43.52",114,1,10442,26,1506,21,8936,5
"KOR",1,0.75,0.666666666666667,0,0,0,0,0.8,0.666666666666667,0.5,1,1,1,"43.52",115,1,10467,25,1522,16,8945,9
"KOR",1,0.75,0.666666666666667,0,0,0,0,0.8,0.666666666666667,0.5,1,1,1,"43.52",116,1,10496,29,1544,22,8952,7
"KOR",1,0.75,0.666666666666667,0,0,0,0,0.8,0.666666666666667,0.5,1,1,1,"43.52",117,1,10522,26,1566,22,8956,4
"KOR",1,0.75,0.666666666666667,0,0,0,0,0.8,0.666666666666667,0.5,1,1,1,"43.52",118,1,10533,11,1575,9,8958,2
"KOR",1,0.75,0.666666666666667,0,0,0,0,0.8,0.666666666666667,0.5,1,1,1,"43.52",119,1,10542,9,1580,5,8962,4
"KOR",1,0.75,0.666666666666667,0,0,0,0,0.8,0.666666666666667,0.5,1,1,1,"43.52",120,1,10550,8,1584,4,8966,4
"KOR",1,0.75,0.666666666666667,0,0,0,0,0.8,0.666666666666667,0.5,1,1,1,"43.52",121,1,10563,13,1593,9,8970,4
"KOR",0.75,0.75,0.666666666666667,0,0,0,0,0.8,0.666666666666667,0.5,1,1,1,"39.81",122,1,10593,30,1621,28,8972,2
"KOR",0.75,0.75,0.666666666666667,0,0,0,0,0.8,0.666666666666667,0.5,1,1,1,"39.81",123,1,10604,11,1631,10,8973,1
"KOR",0.75,0.75,0.666666666666667,0,0,0,0,0.8,0.666666666666667,0.5,1,1,1,"39.81",124,1,10617,13,1640,9,8977,4
"KOR",0.75,0.75,0.666666666666667,0,0,0,0,0.8,0.666666666666667,0.5,1,1,1,"39.81",125,1,10637,20,1657,17,8980,3
"KOR",0.75,0.75,0.666666666666667,0,0,0,0,0.8,0.666666666666667,0.5,1,1,1,"39.81",126,1,10658,21,1671,14,8987,7
"KOR",0.75,0.75,0.666666666666667,0,0,0,0,0.8,0.666666666666667,0.5,1,1,1,"39.81",127,1,10673,15,1684,13,8989,2
"KOR",0.75,0.75,0.666666666666667,0,0,0,0,0.8,0.666666666666667,0.5,1,1,1,"39.81",128,1,10690,17,1698,14,8992,3
"KOR",0.75,0.75,0.666666666666667,0,0,0,0,0.8,0.666666666666667,0.5,1,1,1,"39.81",129,1,10729,39,1734,36,8995,3
"KOR",0.75,0.75,0.666666666666667,0,0,0,0,0.8,0.666666666666667,0.5,1,1,1,"39.81",130,1,10801,72,1801,67,9000,5
"KOR",0.75,0.5,0.666666666666667,0.8,0,0.25,0.333333333333333,0.8,0.666666666666667,0.5,1,1,1,"56.94",131,1,10859,58,1859,58,9000,0
"KOR",0.75,0.5,0.666666666666667,0.8,0,0.25,0.333333333333333,0.8,0.666666666666667,0.5,1,1,1,"56.94",132,1,10893,34,1886,27,9007,7
"KOR",0.75,0.5,0.666666666666667,0.8,0,0.25,0.333333333333333,0.8,0.666666666666667,0.5,1,1,1,"56.94",133,1,10919,26,1907,21,9012,5
"KOR",0.75,0.5,0.666666666666667,0.8,0,0.25,0.333333333333333,0.8,0.666666666666667,0.5,1,1,1,"56.94",134,1,10952,33,1938,31,9014,2
"KOR",0.75,0.5,0.666666666666667,0.8,0,0.25,0.333333333333333,0.8,0.666666666666667,0.5,1,1,1,"56.94",135,1,10989,37,1975,37,9014,0
"KOR",0.75,0.5,0.666666666666667,0.8,0,0.25,0.333333333333333,0.8,0.666666666666667,0.5,1,1,1,"56.94",136,1,11038,49,2023,48,9015,1
"KOR",0.75,0.5,0.666666666666667,0.8,0,0.25,0.333333333333333,0.8,0.666666666666667,0.5,1,1,1,"56.94",137,1,11075,37,2059,36,9016,1
"KOR",0.75,0.5,0.666666666666667,0.8,0,0.25,0.333333333333333,0.8,0.666666666666667,0.5,1,1,1,"56.94",138,1,11113,38,2093,34,9020,4
"KOR",0.75,0.5,0.666666666666667,0.8,0,0.25,0.333333333333333,0.8,0.666666666666667,0.5,1,1,1,"56.94",139,1,11159,46,2135,42,9024,4
"KOR",0.75,0.5,0.666666666666667,0.8,0,0.25,0.333333333333333,0.8,0.666666666666667,0.5,1,1,1,"56.94",140,1,11214,55,2187,52,9027,3
"KOR",0.75,0.5,0.666666666666667,0.8,0,0.25,0.333333333333333,0.8,0.666666666666667,0.5,1,1,1,"56.94",141,1,11249,35,2221,34,9028,1
"KOR",0.75,0.5,0.666666666666667,0.8,0,0.25,0.333333333333333,0.8,0.666666666666667,0.5,1,1,1,"56.94",142,1,11287,38,2256,35,9031,3
"KOR",0.75,0.5,0.666666666666667,0.8,0,0.25,0.333333333333333,0.8,0.666666666666667,0.5,1,1,1,"56.94",143,1,11331,44,2297,41,9034,3
"KOR",0.75,0.5,0.666666666666667,0.8,0,0.25,0.333333333333333,0.8,0.666666666666667,0.5,1,1,1,"56.94",144,1,11374,43,2340,43,9034,0
"KOR",0.75,0.5,0.666666666666667,0.8,0,0.25,0.333333333333333,0.8,0.666666666666667,0.5,1,1,1,"56.94",145,1,11420,46,2385,45,9035,1
"KOR",0.75,0.5,0.666666666666667,0.8,0,0.25,0.333333333333333,0.8,0.666666666666667,0.5,1,1,1,"56.94",146,1,11467,47,2428,43,9039,4
"KOR",0.75,0.5,0.666666666666667,0.8,0,0.25,0.333333333333333,0.8,0.666666666666667,0.5,1,1,1,"56.94",147,1,11500,33,2458,30,9042,3
"KOR",0.75,0.5,0.666666666666667,0.8,0,0.25,0.333333333333333,0.8,0.666666666666667,0.5,1,1,1,"56.94",148,1,11529,29,2483,25,9046,4
"KOR",0.75,0.5,0.666666666666667,0.8,0,0.25,0.333333333333333,0.8,0.666666666666667,0.5,1,1,1,"56.94",149,1,11554,25,2502,19,9052,6
"KOR",0.75,0.5,0.666666666666667,0.8,0,0.25,0.333333333333333,0.8,0.666666666666667,0.5,1,1,1,"56.94",150,1,11589,35,2530,28,9059,7
"KOR",0.75,0.5,0.666666666666667,0.8,0,0.25,0.333333333333333,0.8,0.666666666666667,0.5,1,1,1,"56.94",151,1,11644,55,2572,42,9072,13
"KOR",0.75,0.5,0.666666666666667,0.8,0,0.25,0.333333333333333,0.8,0.666666666666667,0.5,1,1,1,"56.94",152,1,11679,35,2601,29,9078,6
"KOR",0.75,0.5,0.666666666666667,0.8,0,0.25,0.333333333333333,0.8,0.666666666666667,0.5,1,1,1,"56.94",153,1,11728,49,2637,36,9091,13
"KOR",0.75,0.5,0.666666666666667,0.8,0,0.25,0.333333333333333,0.8,0.666666666666667,0.5,1,1,1,"56.94",154,1,11772,44,2664,27,9108,17
"KOR",0.75,0.5,0.666666666666667,0.8,0,0.25,0.333333333333333,0.8,0.666666666666667,0.5,1,1,1,"56.94",155,1,11789,17,2676,12,9113,5
"KOR",0.75,0.5,0.666666666666667,0.8,0,0.25,0.333333333333333,0.8,0.666666666666667,0.5,1,1,1,"56.94",156,1,11809,20,2690,14,9119,6
"KOR",0.75,0.5,0.666666666666667,0.8,0,0.25,0.333333333333333,0.8,0.666666666666667,0.5,1,1,1,"56.94",157,1,11848,39,2711,21,9137,18
"KOR",0.75,0.5,0.666666666666667,0.8,0,0.25,0.333333333333333,0.8,0.666666666666667,0.5,1,1,1,"56.94",158,1,11872,24,2730,19,9142,5
"KOR",0.75,0.5,0.666666666666667,0.8,0,0.25,0.333333333333333,0.8,0.666666666666667,0.5,1,1,1,"56.94",159,1,11904,32,2753,23,9151,9
"KOR",0.75,0.5,0.666666666666667,0.8,0,0.25,0.333333333333333,0.8,0.666666666666667,0.5,1,1,1,"56.94",160,1,11944,40,2788,35,9156,5
"KOR",0.75,0.5,0.666666666666667,0.8,0,0.25,0.333333333333333,0.8,0.666666666666667,0.5,1,1,1,"56.94",161,1,11990,46,2819,31,9171,15
"KOR",0.75,0.5,0.666666666666667,0.8,0,0.25,0.333333333333333,0.8,0.666666666666667,0.5,1,1,1,"56.94",162,1,12027,37,2843,24,9184,13
"KOR",0.75,0.5,0.666666666666667,0.8,0,0.25,0.333333333333333,0.8,0.666666666666667,0.5,1,1,1,"56.94",163,1,12057,30,2860,17,9197,13
"KOR",0.75,0.5,0.666666666666667,0.8,0,0.25,0.333333333333333,0.8,0.666666666666667,0.5,1,1,1,"56.94",164,1,12121,64,2887,27,9234,37
"KOR",0.75,0.5,0.666666666666667,0.8,0,0.25,0.333333333333333,0.8,0.666666666666667,0.5,1,1,1,"56.94",165,1,12173,52,2910,23,9263,29
"KOR",0.75,0.5,0.666666666666667,0.8,0,0.25,0.333333333333333,0.8,0.666666666666667,0.5,1,1,1,"56.94",166,1,12232,59,2941,31,9291,28
"KOR",0.75,0.5,0.666666666666667,0.8,0,0.25,0.333333333333333,0.6,0.666666666666667,0.5,1,1,1,"54.17",167,1,12277,45,2969,28,9308,17
"KOR",0.75,0.5,0.666666666666667,0.8,0,0.25,0.333333333333333,0.6,0.666666666666667,0.5,1,1,1,"54.17",168,1,12329,52,2993,24,9336,28
"KOR",0.75,0.5,0.666666666666667,0.8,0,0.25,0.333333333333333,0.6,0.666666666666667,0.5,1,1,1,"54.17",169,1,12360,31,3008,15,9352,16
"KOR",0.75,0.5,0.666666666666667,0.8,0,0.25,0.333333333333333,0.6,0.666666666666667,0.5,1,1,1,"54.17",170,1,12388,28,3026,18,9362,10
"KOR",0.75,0.5,0.666666666666667,0.8,0,0.25,0.333333333333333,0.6,0.666666666666667,0.5,1,1,1,"54.17",171,1,12440,52,3055,29,9385,23
"KOR",0.75,0.5,0.666666666666667,0.8,0,0.25,0.333333333333333,0.6,0.666666666666667,0.5,1,1,1,"54.17",172,1,12484,44,3074,19,9410,25
"KOR",0.75,0.5,0.666666666666667,0.8,0,0.25,0.333333333333333,0.6,0.666666666666667,0.5,1,1,1,"54.17",173,1,12525,41,3097,23,9428,18
"KOR",0.75,0.5,0.333333333333333,0.8,0,0.25,0.333333333333333,0.6,0.666666666666667,0.5,1,1,1,"48.61",174,1,12552,27,3110,13,9442,14
"KOR",0.75,0.5,0.333333333333333,0.8,0,0.25,0.333333333333333,0.6,0.666666666666667,0.5,1,1,1,"48.61",175,1,12584,32,3134,24,9450,8
"KOR",0.75,0.5,0.333333333333333,0.8,0,0.25,0.333333333333333,0.6,0.666666666666667,0.5,1,1,1,"48.61",176,1,12628,44,3161,27,9467,17
"KOR",0.75,0.5,0.333333333333333,0.8,0,0.25,0.333333333333333,0.6,0.666666666666667,0.5,1,1,1,"48.61",177,1,12649,21,3177,16,9472,5
"KOR",0.75,0.5,0.333333333333333,0.8,0,0.25,0.333333333333333,0.6,0.666666666666667,0.5,1,1,1,"48.61",178,1,12665,16,3189,12,9476,4
"KOR",0.75,0.5,0.333333333333333,0.8,0,0.25,0.333333333333333,0.6,0.666666666666667,0.5,1,1,1,"48.61",179,1,12706,41,3220,31,9486,10
"KOR",0.75,0.5,0.333333333333333,0.8,0,0.25,0.333333333333333,0.6,0.666666666666667,0.5,1,1,1,"48.61",180,1,12741,35,3244,24,9497,11
"KOR",0.75,0.5,0.333333333333333,0.8,0,0.25,0.333333333333333,0.6,0.666666666666667,0.5,1,1,1,"48.61",181,1,12768,27,3262,18,9506,9
"KOR",0.75,0.5,0.333333333333333,0.8,0,0.25,0.333333333333333,0.6,0.666666666666667,0.5,1,1,1,"48.61",182,1,12795,27,3277,15,9518,12
"KOR",0.75,0.5,0.333333333333333,0.8,0,0.25,0.333333333333333,0.6,0.666666666666667,0.5,1,1,1,"48.61",183,1,12811,16,3283,6,9528,10
"KOR",0.75,0.5,0.333333333333333,0.8,0,0.25,0.333333333333333,0.6,0.666666666666667,0.5,1,1,1,"48.61",184,1,12838,27,3306,23,9532,4
"KOR",0.75,0.5,0.333333333333333,0.8,0,0.25,0.333333333333333,0.6,0.666666666666667,0.5,1,1,1,"48.61",185,1,12882,44,3342,36,9540,8
"KOR",0.75,0.5,0.333333333333333,0.8,0,0.25,0.333333333333333,0.6,0.666666666666667,0.5,1,1,1,"48.61",186,1,12936,54,3385,43,9551,11
"KOR",0.75,0.5,0.333333333333333,0.8,0,0.25,0.333333333333333,0.6,0.666666666666667,0.5,1,1,1,"48.61",187,1,12974,38,3414,29,9560,9
"KOR",0.75,0.5,0.333333333333333,0.8,0,0.25,0.333333333333333,0.6,0.666666666666667,0.5,1,1,1,"48.61",188,1,13006,32,3439,25,9567,7
"KOR",0.75,0.5,0.333333333333333,0.8,0,0.25,0.333333333333333,0.6,0.666666666666667,0.5,1,1,1,"48.61",189,1,13022,16,3453,14,9569,2
"KOR",0.75,0.5,0.333333333333333,0.8,0,0.25,0.333333333333333,0.6,0.666666666666667,0.5,1,1,1,"48.61",190,1,13040,18,3468,15,9572,3
"KOR",0.75,0.5,0.333333333333333,0.8,0,0.25,0.333333333333333,0.6,0.666666666666667,0.5,1,1,1,"48.61",191,1,13058,18,3480,12,9578,6
"KOR",0.75,0.5,0.333333333333333,0.8,0,0.25,0.333333333333333,0.6,0.666666666666667,0.5,1,1,1,"48.61",192,1,13085,27,3503,23,9582,4
"KOR",0.75,0.5,0.333333333333333,0.8,0,0.25,0.333333333333333,0.6,0.666666666666667,0.5,1,1,1,"48.61",193,1,13095,10,3511,8,9584,2
"KOR",1,0.5,0.333333333333333,0.8,0,0.25,0.333333333333333,0.6,0.666666666666667,0.5,1,1,1,"50.46",194,1,13119,24,3529,18,9590,6
"KOR",1,0.5,0.333333333333333,0.8,0,0.25,0.333333333333333,0.6,0.666666666666667,0.5,1,1,1,"50.46",195,1,13131,12,3539,10,9592,2
"KOR",1,0.5,0.333333333333333,0.8,0,0.25,0.333333333333333,0.6,0.666666666666667,0.5,1,1,1,"50.46",196,1,13144,13,3547,8,9597,5
"KOR",1,0.5,0.333333333333333,0.8,0,0.25,0.333333333333333,0.6,0.666666666666667,0.5,1,1,1,"50.46",197,1,13153,9,3553,6,9600,3
"KOR",1,0.5,0.333333333333333,0.8,0,0.25,0.333333333333333,0.6,0.666666666666667,0.5,1,1,1,"50.46",198,1,13180,27,3574,21,9606,6
"KOR",1,0.5,0.333333333333333,0.8,0,0.25,0.333333333333333,0.6,0.666666666666667,0.5,1,1,1,"50.46",199,1,13207,27,3588,14,9619,13
"KOR",1,0.5,0.333333333333333,0.8,0,0.25,0.333333333333333,0.6,0.666666666666667,0.5,1,1,1,"50.46",200,1,13244,37,3610,22,9634,15
"KOR",1,0.5,0.333333333333333,0.8,0,0.25,0.333333333333333,0.6,0.666666666666667,0.5,1,1,1,"50.46",201,1,13259,15,3624,14,9635,1
"KOR",1,0.5,0.333333333333333,0.8,0,0.25,0.333333333333333,0.6,0.666666666666667,0.5,1,1,1,"50.46",202,1,13297,38,3661,37,9636,1
"KOR",1,0.5,0.333333333333333,0.8,0,0.25,0.333333333333333,0.6,0.666666666666667,0.5,1,1,1,"50.46",203,1,13332,35,3690,29,9642,6
"KOR",1,0.5,0.333333333333333,0.8,0,0.25,0.333333333333333,0.6,0.666666666666667,0.5,1,1,1,"50.46",204,1,13354,22,3709,19,9645,3
"KOR",1,0.5,0.333333333333333,0.8,0,0.25,0.333333333333333,0.6,0.666666666666667,0.5,1,1,1,"50.46",205,1,13385,31,3728,19,9657,12
"KOR",1,0.5,0.333333333333333,0.8,0,0.25,0.333333333333333,0.6,0.666666666666667,0.5,1,1,1,"50.46",206,1,13431,46,3762,34,9669,12
"KOR",1,0.5,0.333333333333333,0.8,0,0.25,0.333333333333333,0.6,0.666666666666667,0.5,1,1,1,"50.46",207,1,13484,53,3805,43,9679,10
"KOR",1,0.5,0.333333333333333,0.8,0,0.25,0.333333333333333,0.6,0.666666666666667,0.5,1,1,1,"50.46",208,1,13580,96,3888,83,9692,13
"KOR",1,0.5,0.333333333333333,0.8,0,0.25,0.333333333333333,0.6,0.666666666666667,0.5,1,1,1,"50.46",209,1,13744,164,4040,152,9704,12
"KOR",1,0.5,0.666666666666667,0.8,0,0.25,0.333333333333333,0.6,0.666666666666667,0.5,1,1,1,"56.02",210,1.5,14023,279,4293,253,9730,26
"KOR",1,0.5,0.666666666666667,0.8,0,0.25,0.333333333333333,0.6,0.666666666666667,0.5,1,1,1,"56.02",211,1.5,14218,195,4460,167,9758,28
"KOR",1,0.5,0.666666666666667,0.8,0,0.25,0.333333333333333,0.6,0.666666666666667,0.5,1,1,1,"56.02",212,1.5,14458,240,4662,202,9796,38
"KOR",1,0.5,0.666666666666667,0.8,0,0.25,0.333333333333333,0.6,0.666666666666667,0.5,1,1,1,"56.02",213,1.5,14753,295,4920,258,9833,37
"KOR",1,0.5,0.666666666666667,0.8,0,0.25,0.333333333333333,0.6,0.666666666666667,0.5,1,1,1,"56.02",214,1.5,15039,286,5150,230,9889,56
"KOR",1,0.666666666666667,1,1,0,0.333333333333333,0.5,0.6,0.5,0.5,1,1,1,"56.02",215,1.5,15360,321,5397,247,9963,74
"KOR",1,0.666666666666667,1,1,0,0.333333333333333,0.5,0.6,0.5,0.5,1,1,1,"56.02",216,1.5,15688,328,5642,245,10046,83
"KOR",1,0.666666666666667,1,1,0,0.333333333333333,0.5,0.6,0.5,0.5,1,1,1,"56.02",217,1.5,16081,393,5939,297,10142,96
